id,microserviceName,URI,connectionTypes,duplicate,creationTime,pattern,role,connections
0,Sidecar0,http://localhost:9010/api/Sidecar0,POST GET PUT DELETE ,false,0,Sidecar,Sidecar,POST http://localhost:9011/api/ExternalService0 PUT http://localhost:9011/api/ExternalService0 GET http://localhost:9011/api/ExternalService0 DELETE http://localhost:9011/api/ExternalService0 POST http://localhost:9012/api/ExternalService1 PUT http://localhost:9012/api/ExternalService1 GET http://localhost:9012/api/ExternalService1 DELETE http://localhost:9012/api/ExternalService1 POST http://localhost:9013/api/ExternalService2 PUT http://localhost:9013/api/ExternalService2 GET http://localhost:9013/api/ExternalService2 DELETE http://localhost:9013/api/ExternalService2 POST http://localhost:9014/api/MainService0 PUT http://localhost:9014/api/MainService0 GET http://localhost:9014/api/MainService0 DELETE http://localhost:9014/api/MainService0 POST http://localhost:9015/api/MainService1 PUT http://localhost:9015/api/MainService1 GET http://localhost:9015/api/MainService1 DELETE http://localhost:9015/api/MainService1 POST http://localhost:9016/api/MainService2 PUT http://localhost:9016/api/MainService2 GET http://localhost:9016/api/MainService2 DELETE http://localhost:9016/api/MainService2 
1,ExternalService0,http://localhost:9011/api/ExternalService0,POST GET PUT DELETE ,false,1,Sidecar,ExternalService,POST http://localhost:9010/api/Sidecar0 PUT http://localhost:9010/api/Sidecar0 GET http://localhost:9010/api/Sidecar0 DELETE http://localhost:9010/api/Sidecar0 
2,ExternalService1,http://localhost:9012/api/ExternalService1,POST GET PUT DELETE ,false,2,Sidecar,ExternalService,POST http://localhost:9010/api/Sidecar0 PUT http://localhost:9010/api/Sidecar0 GET http://localhost:9010/api/Sidecar0 DELETE http://localhost:9010/api/Sidecar0 
3,ExternalService2,http://localhost:9013/api/ExternalService2,POST GET PUT DELETE ,false,3,Sidecar,ExternalService,POST http://localhost:9010/api/Sidecar0 PUT http://localhost:9010/api/Sidecar0 GET http://localhost:9010/api/Sidecar0 DELETE http://localhost:9010/api/Sidecar0 
4,MainService0,http://localhost:9014/api/MainService0,POST GET PUT DELETE ,false,4,Sidecar,MainService,POST http://localhost:9010/api/Sidecar0 PUT http://localhost:9010/api/Sidecar0 GET http://localhost:9010/api/Sidecar0 DELETE http://localhost:9010/api/Sidecar0 
5,MainService1,http://localhost:9015/api/MainService1,POST GET PUT DELETE ,false,5,Sidecar,MainService,POST http://localhost:9010/api/Sidecar0 PUT http://localhost:9010/api/Sidecar0 GET http://localhost:9010/api/Sidecar0 DELETE http://localhost:9010/api/Sidecar0 
6,MainService2,http://localhost:9016/api/MainService2,POST GET PUT DELETE ,false,6,Sidecar,MainService,POST http://localhost:9010/api/Sidecar0 PUT http://localhost:9010/api/Sidecar0 GET http://localhost:9010/api/Sidecar0 DELETE http://localhost:9010/api/Sidecar0 
7,ApiGateway0,http://localhost:9017/api/ApiGateway0,POST GET PUT DELETE ,false,7,Sidecar,ApiGateway,
8,ServiceRegistry0,http://localhost:9018/api/ServiceRegistry0,,false,8,Sidecar,ServiceRegistry,
