edge_type,node_id_src,node_id_dst
api2api,81,80
api2api,85,80
api2api,70,85
api2api,67,70
api2api,71,67
api2api,72,67
api2api,74,67
api2api,244,71
api2api,248,244
api2api,249,248
api2api,247,248
api2api,245,249
api2api,246,245
api2api,260,72
api2api,269,260
api2api,273,269
api2api,259,269
api2api,266,273
api2api,267,266
api2api,202,259
api2api,204,202
api2api,206,204
api2api,211,204
api2api,210,204
api2api,212,206
api2api,213,206
api2api,209,212
api2api,230,74
api2api,233,230
api2api,234,233
api2api,231,234
api2api,232,231
api2api,91,80
api2api,11,91
api2api,15,11
api2api,10,15
api2api,16,15
api2api,14,15
api2api,292,10
api2api,293,292
api2api,12,16
api2api,13,12
api2api,90,80
api2api,265,90
api2api,271,265
api2api,272,271
api2api,262,271
api2api,263,271
api2api,266,272
api2api,268,272
api2api,25,262
api2api,18,25
api2api,28,18
api2api,29,18
api2api,27,18
api2api,26,18
api2api,236,28
api2api,240,236
api2api,243,240
api2api,238,243
api2api,239,238
api2api,251,29
api2api,255,251
api2api,257,255
api2api,253,257
api2api,254,253
api2api,203,27
api2api,205,203
api2api,207,205
api2api,211,205
api2api,210,205
api2api,208,207
api2api,209,208
api2api,195,26
api2api,198,195
api2api,197,198
api2api,200,197
api2api,201,200
api2api,219,263
api2api,221,219
api2api,217,221
api2api,215,221
api2api,142,217
api2api,147,142
api2api,153,147
api2api,155,153
api2api,156,155
api2api,40,215
api2api,38,40
api2api,39,38
api2api,41,39
api2api,42,41
api2api,87,80
api2api,178,87
api2api,181,178
api2api,173,181
api2api,172,181
api2api,180,181
api2api,175,181
api2api,179,181
api2api,177,181
api2api,176,181
api2api,174,181
api2api,225,173
api2api,228,225
api2api,224,228
api2api,223,228
api2api,229,228
api2api,138,224
api2api,150,138
api2api,151,150
api2api,155,151
api2api,115,223
api2api,119,216
api2api,118,177
api2api,127,115
api2api,124,119
api2api,122,118
api2api,128,127
api2api,130,124
api2api,128,122
api2api,131,122
api2api,132,128
api2api,132,130
api2api,135,131
api2api,136,131
api2api,133,132
api2api,133,135
api2api,121,136
api2api,226,229
api2api,227,226
api2api,45,172
api2api,43,45
api2api,44,43
api2api,47,44
api2api,48,44
api2api,46,47
api2api,278,180
api2api,283,278
api2api,286,283
api2api,275,283
api2api,277,283
api2api,280,286
api2api,281,280
api2api,24,275
api2api,24,175
api2api,17,24
api2api,22,17
api2api,23,17
api2api,21,17
api2api,20,17
api2api,235,22
api2api,241,235
api2api,242,241
api2api,237,242
api2api,239,237
api2api,250,23
api2api,255,250
api2api,256,255
api2api,252,256
api2api,254,252
api2api,202,21
api2api,194,20
api2api,198,194
api2api,196,198
api2api,199,196
api2api,201,199
api2api,219,277
api2api,218,179
api2api,220,218
api2api,216,221
api2api,216,220
api2api,73,176
api2api,66,73
api2api,68,66
api2api,69,66
api2api,64,66
api2api,76,68
api2api,78,69
api2api,79,69
api2api,77,76
api2api,77,78
api2api,75,79
api2api,54,64
api2api,49,54
api2api,52,49
api2api,53,49
api2api,51,52
api2api,50,53
api2api,287,174
api2api,290,287
api2api,291,290
api2api,288,291
api2api,289,288
api2api,86,80
api2api,100,86
api2api,105,100
api2api,97,105
api2api,101,105
api2api,96,105
api2api,106,105
api2api,92,105
api2api,107,105
api2api,117,97
api2api,116,96
api2api,123,117
api2api,125,116
api2api,129,123
api2api,129,125
api2api,131,125
api2api,134,129
api2api,136,129
api2api,133,134
api2api,137,136
api2api,109,106
api2api,108,92
api2api,113,107
api2api,114,107
api2api,111,109
api2api,110,108
api2api,103,114
api2api,161,101
api2api,163,161
api2api,164,163
api2api,165,163
api2api,166,164
api2api,168,165
api2api,169,165
api2api,167,166
api2api,167,168
api2api,162,169
api2api,83,80
api2api,58,83
api2api,56,58
api2api,63,56
api2api,61,56
api2api,60,56
api2api,140,63
api2api,146,140
api2api,152,146
api2api,157,152
api2api,159,152
api2api,156,157
api2api,117,61
api2api,116,60
api2api,84,80
api2api,59,84
api2api,57,59
api2api,63,57
api2api,61,57
api2api,89,80
api2api,279,89
api2api,284,279
api2api,285,284
api2api,276,284
api2api,277,284
api2api,280,285
api2api,282,285
api2api,25,276
api2api,274,279
api2api,214,219
api2api,170,178
api2api,222,225
api2api,88,80
api2api,190,88
api2api,193,190
api2api,185,193
api2api,184,193
api2api,192,193
api2api,187,193
api2api,191,193
api2api,189,193
api2api,183,193
api2api,188,193
api2api,186,193
api2api,225,185
api2api,141,189
api2api,145,141
api2api,151,145
api2api,154,145
api2api,158,154
api2api,159,154
api2api,156,158
api2api,144,159
api2api,45,184
api2api,264,192
api2api,270,264
api2api,273,270
api2api,261,270
api2api,263,270
api2api,24,261
api2api,24,187
api2api,218,191
api2api,217,220
api2api,3,183
api2api,0,3
api2api,1,0
api2api,2,0
api2api,5,1
api2api,7,2
api2api,8,2
api2api,6,5
api2api,6,7
api2api,4,8
api2api,73,188
api2api,287,186
api2api,62,56
api2api,139,62
api2api,148,139
api2api,152,148
api2api,154,148
api2api,160,159
api2api,82,80
api2api,31,82
api2api,30,31
api2api,34,30
api2api,33,30
api2api,36,30
api2api,32,30
api2api,140,34
api2api,117,33
api2api,120,36
api2api,126,120
api2api,129,126
api2api,131,126
api2api,95,32
api2api,104,95
api2api,92,104
api2api,93,104
api2api,112,93
api2api,114,93
api2api,102,114
api2api,99,105
api2api,98,105
api2api,140,99
api2api,139,98
api2api,171,181
api2api,3,171
api2api,182,190
api2api,258,265
api2api,19,25
api2api,37,30
api2api,35,30
api2api,143,37
api2api,149,143
api2api,152,149
api2api,154,149
api2api,287,35
api2api,65,70
api2api,258,260
api2api,62,57
api2api,94,100
api2api,55,59
api2api,55,58
api2api,60,57
api2api,274,278
api2api,19,24
api2api,9,11
api2api,258,264
pod2api,9,80
pod2api,9,81
pod2api,9,85
pod2api,9,91
pod2api,9,90
pod2api,9,87
pod2api,9,86
pod2api,9,83
pod2api,9,84
pod2api,9,89
pod2api,9,88
pod2api,9,82
pod2api,8,70
pod2api,8,67
pod2api,8,71
pod2api,8,72
pod2api,8,74
pod2api,8,73
pod2api,8,66
pod2api,8,68
pod2api,8,69
pod2api,8,76
pod2api,8,78
pod2api,8,79
pod2api,8,77
pod2api,8,75
pod2api,8,64
pod2api,8,65
pod2api,22,244
pod2api,22,248
pod2api,22,249
pod2api,22,245
pod2api,22,246
pod2api,22,247
pod2api,24,260
pod2api,24,269
pod2api,24,273
pod2api,24,266
pod2api,24,267
pod2api,24,259
pod2api,24,265
pod2api,24,271
pod2api,24,272
pod2api,24,268
pod2api,24,262
pod2api,24,263
pod2api,24,264
pod2api,24,270
pod2api,24,261
pod2api,24,258
pod2api,17,202
pod2api,17,204
pod2api,17,206
pod2api,17,212
pod2api,17,213
pod2api,17,209
pod2api,17,211
pod2api,17,210
pod2api,17,203
pod2api,17,205
pod2api,17,207
pod2api,17,208
pod2api,20,230
pod2api,20,233
pod2api,20,234
pod2api,20,231
pod2api,20,232
pod2api,1,11
pod2api,1,15
pod2api,1,10
pod2api,1,16
pod2api,1,12
pod2api,1,13
pod2api,1,14
pod2api,1,9
pod2api,27,292
pod2api,27,293
pod2api,2,25
pod2api,2,18
pod2api,2,28
pod2api,2,29
pod2api,2,27
pod2api,2,26
pod2api,2,24
pod2api,2,17
pod2api,2,22
pod2api,2,23
pod2api,2,21
pod2api,2,20
pod2api,2,19
pod2api,21,236
pod2api,21,240
pod2api,21,243
pod2api,21,238
pod2api,21,239
pod2api,21,235
pod2api,21,241
pod2api,21,242
pod2api,21,237
pod2api,23,251
pod2api,23,255
pod2api,23,257
pod2api,23,253
pod2api,23,254
pod2api,23,250
pod2api,23,256
pod2api,23,252
pod2api,16,195
pod2api,16,198
pod2api,16,197
pod2api,16,200
pod2api,16,201
pod2api,16,194
pod2api,16,196
pod2api,16,199
pod2api,18,219
pod2api,18,221
pod2api,18,217
pod2api,18,215
pod2api,18,218
pod2api,18,220
pod2api,18,216
pod2api,18,214
pod2api,12,142
pod2api,12,147
pod2api,12,153
pod2api,12,155
pod2api,12,156
pod2api,12,138
pod2api,12,150
pod2api,12,151
pod2api,12,140
pod2api,12,146
pod2api,12,152
pod2api,12,157
pod2api,12,159
pod2api,12,141
pod2api,12,145
pod2api,12,154
pod2api,12,158
pod2api,12,144
pod2api,12,139
pod2api,12,148
pod2api,12,160
pod2api,12,143
pod2api,12,149
pod2api,4,40
pod2api,4,38
pod2api,4,39
pod2api,4,41
pod2api,4,42
pod2api,14,178
pod2api,14,181
pod2api,14,173
pod2api,14,172
pod2api,14,180
pod2api,14,175
pod2api,14,179
pod2api,14,177
pod2api,14,176
pod2api,14,174
pod2api,14,170
pod2api,14,171
pod2api,19,225
pod2api,19,228
pod2api,19,224
pod2api,19,223
pod2api,19,229
pod2api,19,226
pod2api,19,227
pod2api,19,222
pod2api,11,115
pod2api,11,119
pod2api,11,118
pod2api,11,127
pod2api,11,124
pod2api,11,122
pod2api,11,128
pod2api,11,130
pod2api,11,131
pod2api,11,132
pod2api,11,135
pod2api,11,136
pod2api,11,133
pod2api,11,121
pod2api,11,117
pod2api,11,116
pod2api,11,123
pod2api,11,125
pod2api,11,129
pod2api,11,134
pod2api,11,137
pod2api,11,120
pod2api,11,126
pod2api,5,45
pod2api,5,43
pod2api,5,44
pod2api,5,47
pod2api,5,48
pod2api,5,46
pod2api,25,278
pod2api,25,283
pod2api,25,286
pod2api,25,280
pod2api,25,281
pod2api,25,275
pod2api,25,277
pod2api,25,279
pod2api,25,284
pod2api,25,285
pod2api,25,282
pod2api,25,276
pod2api,25,274
pod2api,6,54
pod2api,6,49
pod2api,6,52
pod2api,6,53
pod2api,6,51
pod2api,6,50
pod2api,26,287
pod2api,26,290
pod2api,26,291
pod2api,26,288
pod2api,26,289
pod2api,10,100
pod2api,10,105
pod2api,10,97
pod2api,10,101
pod2api,10,96
pod2api,10,106
pod2api,10,92
pod2api,10,107
pod2api,10,109
pod2api,10,108
pod2api,10,113
pod2api,10,114
pod2api,10,111
pod2api,10,110
pod2api,10,103
pod2api,10,95
pod2api,10,104
pod2api,10,93
pod2api,10,112
pod2api,10,102
pod2api,10,99
pod2api,10,98
pod2api,10,94
pod2api,13,161
pod2api,13,163
pod2api,13,164
pod2api,13,165
pod2api,13,166
pod2api,13,168
pod2api,13,169
pod2api,13,167
pod2api,13,162
pod2api,7,58
pod2api,7,56
pod2api,7,63
pod2api,7,61
pod2api,7,60
pod2api,7,59
pod2api,7,57
pod2api,7,62
pod2api,7,55
pod2api,15,190
pod2api,15,193
pod2api,15,185
pod2api,15,184
pod2api,15,192
pod2api,15,187
pod2api,15,191
pod2api,15,189
pod2api,15,183
pod2api,15,188
pod2api,15,186
pod2api,15,182
pod2api,0,3
pod2api,0,0
pod2api,0,1
pod2api,0,2
pod2api,0,5
pod2api,0,7
pod2api,0,8
pod2api,0,6
pod2api,0,4
pod2api,3,31
pod2api,3,30
pod2api,3,34
pod2api,3,33
pod2api,3,36
pod2api,3,32
pod2api,3,37
pod2api,3,35
